compound,c,rep1,rep2,rep3,rep4
KP-762,3000,129,132,133,133
KP-762,1200,128,129,131,131
KP-762,480,126,127,127,124
KP-762,192,118,123,121,119
KP-762,76.8,109,105,109,107
KP-762,30.72,86,86,87,83
KP-762,12.288,60,61,62,60
KP-762,4.9152,39,38,41,41
KP-762,1.96608,30,32,32,36
KP-762,0.786432,23,24,31,31
KP-762,0.3145728,24,29,27,31
